game,axis,parameter,beta,rho,h,epsilon,start_id,x0,y0,horizon,cumulative_avg_gradient_l1,instantaneous_gradient_l1,interaction_ratio
interaction_dominated,beta,-0.3,-0.3,0.9,0.0005,0.05,0,0.5,0.5,1000,2.5184963719311657,2.1489401325384905,3.0
interaction_dominated,beta,-0.3,-0.3,0.9,0.0005,0.05,0,0.5,0.5,3000,1.6686952917557683,0.4540799966003646,3.0
interaction_dominated,beta,-0.3,-0.3,0.9,0.0005,0.05,0,0.5,0.5,10000,0.5259167671444985,9.995322242679026e-08,3.0
interaction_dominated,beta,-0.3,-0.3,0.9,0.0005,0.05,1,-0.5,0.5,1000,2.5184963719311657,2.1489401325384905,3.0
interaction_dominated,beta,-0.3,-0.3,0.9,0.0005,0.05,1,-0.5,0.5,3000,1.6686952917557683,0.4540799966003646,3.0
interaction_dominated,beta,-0.3,-0.3,0.9,0.0005,0.05,1,-0.5,0.5,10000,0.5259167671444985,9.995322242679026e-08,3.0
interaction_dominated,beta,-0.3,-0.3,0.9,0.0005,0.05,2,0.5,-0.5,1000,2.5184963719311657,2.1489401325384905,3.0
interaction_dominated,beta,-0.3,-0.3,0.9,0.0005,0.05,2,0.5,-0.5,3000,1.6686952917557683,0.4540799966003646,3.0
interaction_dominated,beta,-0.3,-0.3,0.9,0.0005,0.05,2,0.5,-0.5,10000,0.5259167671444985,9.995322242679026e-08,3.0
interaction_dominated,beta,-0.3,-0.3,0.9,0.0005,0.05,3,-0.5,-0.5,1000,2.5184963719311657,2.1489401325384905,3.0
interaction_dominated,beta,-0.3,-0.3,0.9,0.0005,0.05,3,-0.5,-0.5,3000,1.6686952917557683,0.4540799966003646,3.0
interaction_dominated,beta,-0.3,-0.3,0.9,0.0005,0.05,3,-0.5,-0.5,10000,0.5259167671444985,9.995322242679026e-08,3.0
interaction_dominated,beta,-0.3,-0.3,0.9,0.0005,0.05,4,0.8,0.2,1000,3.088829524700329,2.548914901723263,3.0
interaction_dominated,beta,-0.3,-0.3,0.9,0.0005,0.05,4,0.8,0.2,3000,2.187174666374933,0.9058311095489733,3.0
interaction_dominated,beta,-0.3,-0.3,0.9,0.0005,0.05,4,0.8,0.2,10000,0.7204485732376948,4.662486110885986e-07,3.0
interaction_dominated,beta,-0.3,-0.3,0.9,0.0005,0.05,5,-0.8,0.2,1000,2.389804446631704,1.905353366342295,3.0
interaction_dominated,beta,-0.3,-0.3,0.9,0.0005,0.05,5,-0.8,0.2,3000,1.5014411363080802,0.3549489145494175,3.0
interaction_dominated,beta,-0.3,-0.3,0.9,0.0005,0.05,5,-0.8,0.2,10000,0.4673075612503576,6.353518429012657e-08,3.0
interaction_dominated,beta,-0.3,-0.3,0.9,0.0005,0.05,6,0.2,-0.8,1000,3.088829524700329,2.548914901723263,3.0
interaction_dominated,beta,-0.3,-0.3,0.9,0.0005,0.05,6,0.2,-0.8,3000,2.187174666374933,0.9058311095489733,3.0
interaction_dominated,beta,-0.3,-0.3,0.9,0.0005,0.05,6,0.2,-0.8,10000,0.7204485732376948,4.662486110885986e-07,3.0
interaction_dominated,beta,-0.3,-0.3,0.9,0.0005,0.05,7,-0.2,-0.8,1000,2.389804446631704,1.905353366342295,3.0
interaction_dominated,beta,-0.3,-0.3,0.9,0.0005,0.05,7,-0.2,-0.8,3000,1.5014411363080802,0.3549489145494175,3.0
interaction_dominated,beta,-0.3,-0.3,0.9,0.0005,0.05,7,-0.2,-0.8,10000,0.4673075612503576,6.353518429012657e-08,3.0
interaction_dominated,beta,0.0,0.0,0.9,0.0005,0.05,0,0.5,0.5,1000,2.519126211680336,2.1502567299362583,3.0
interaction_dominated,beta,0.0,0.0,0.9,0.0005,0.05,0,0.5,0.5,3000,1.670534280215313,0.4588177404678717,3.0
interaction_dominated,beta,0.0,0.0,0.9,0.0005,0.05,0,0.5,0.5,10000,0.5268107813145743,1.063493067817514e-07,3.0
interaction_dominated,beta,0.0,0.0,0.9,0.0005,0.05,1,-0.5,0.5,1000,2.519126211680336,2.1502567299362583,3.0
interaction_dominated,beta,0.0,0.0,0.9,0.0005,0.05,1,-0.5,0.5,3000,1.670534280215313,0.4588177404678717,3.0
interaction_dominated,beta,0.0,0.0,0.9,0.0005,0.05,1,-0.5,0.5,10000,0.5268107813145743,1.063493067817514e-07,3.0
interaction_dominated,beta,0.0,0.0,0.9,0.0005,0.05,2,0.5,-0.5,1000,2.519126211680336,2.1502567299362583,3.0
interaction_dominated,beta,0.0,0.0,0.9,0.0005,0.05,2,0.5,-0.5,3000,1.670534280215313,0.4588177404678717,3.0
interaction_dominated,beta,0.0,0.0,0.9,0.0005,0.05,2,0.5,-0.5,10000,0.5268107813145743,1.063493067817514e-07,3.0
interaction_dominated,beta,0.0,0.0,0.9,0.0005,0.05,3,-0.5,-0.5,1000,2.519126211680336,2.1502567299362583,3.0
interaction_dominated,beta,0.0,0.0,0.9,0.0005,0.05,3,-0.5,-0.5,3000,1.670534280215313,0.4588177404678717,3.0
interaction_dominated,beta,0.0,0.0,0.9,0.0005,0.05,3,-0.5,-0.5,10000,0.5268107813145743,1.063493067817514e-07,3.0
interaction_dominated,beta,0.0,0.0,0.9,0.0005,0.05,4,0.8,0.2,1000,3.089120781449876,2.5495998608646584,3.0
interaction_dominated,beta,0.0,0.0,0.9,0.0005,0.05,4,0.8,0.2,3000,2.188637462572771,0.9094149886396352,3.0
interaction_dominated,beta,0.0,0.0,0.9,0.0005,0.05,4,0.8,0.2,10000,0.7214568179979355,5.017933541100739e-07,3.0
interaction_dominated,beta,0.0,0.0,0.9,0.0005,0.05,5,-0.8,0.2,1000,2.3903419810177935,1.9063181697674971,3.0
interaction_dominated,beta,0.0,0.0,0.9,0.0005,0.05,5,-0.8,0.2,3000,1.5031269289332068,0.3587939556426495,3.0
interaction_dominated,beta,0.0,0.0,0.9,0.0005,0.05,5,-0.8,0.2,10000,0.4680732811446337,6.972118109096021e-08,3.0
interaction_dominated,beta,0.0,0.0,0.9,0.0005,0.05,6,0.2,-0.8,1000,3.089120781449876,2.5495998608646584,3.0
interaction_dominated,beta,0.0,0.0,0.9,0.0005,0.05,6,0.2,-0.8,3000,2.188637462572771,0.9094149886396352,3.0
interaction_dominated,beta,0.0,0.0,0.9,0.0005,0.05,6,0.2,-0.8,10000,0.7214568179979355,5.017933541100739e-07,3.0
interaction_dominated,beta,0.0,0.0,0.9,0.0005,0.05,7,-0.2,-0.8,1000,2.3903419810177935,1.9063181697674971,3.0
interaction_dominated,beta,0.0,0.0,0.9,0.0005,0.05,7,-0.2,-0.8,3000,1.5031269289332068,0.3587939556426495,3.0
interaction_dominated,beta,0.0,0.0,0.9,0.0005,0.05,7,-0.2,-0.8,10000,0.4680732811446337,6.972118109096021e-08,3.0
interaction_dominated,beta,0.3,0.3,0.9,0.0005,0.05,0,0.5,0.5,1000,2.5202961858005217,2.1527040316316053,3.0
interaction_dominated,beta,0.3,0.3,0.9,0.0005,0.05,0,0.5,0.5,3000,1.6739507497218125,0.4675886673828137,3.0
interaction_dominated,beta,0.3,0.3,0.9,0.0005,0.05,0,0.5,0.5,10000,0.5284840957323308,1.1944000991276746e-07,3.0
interaction_dominated,beta,0.3,0.3,0.9,0.0005,0.05,1,-0.5,0.5,1000,2.5202961858005217,2.1527040316316053,3.0
interaction_dominated,beta,0.3,0.3,0.9,0.0005,0.05,1,-0.5,0.5,3000,1.6739507497218125,0.4675886673828137,3.0
interaction_dominated,beta,0.3,0.3,0.9,0.0005,0.05,1,-0.5,0.5,10000,0.5284840957323308,1.1944000991276746e-07,3.0
interaction_dominated,beta,0.3,0.3,0.9,0.0005,0.05,2,0.5,-0.5,1000,2.5202961858005217,2.1527040316316053,3.0
interaction_dominated,beta,0.3,0.3,0.9,0.0005,0.05,2,0.5,-0.5,3000,1.6739507497218125,0.4675886673828137,3.0
interaction_dominated,beta,0.3,0.3,0.9,0.0005,0.05,2,0.5,-0.5,10000,0.5284840957323308,1.1944000991276746e-07,3.0
interaction_dominated,beta,0.3,0.3,0.9,0.0005,0.05,3,-0.5,-0.5,1000,2.5202961858005217,2.1527040316316053,3.0
interaction_dominated,beta,0.3,0.3,0.9,0.0005,0.05,3,-0.5,-0.5,3000,1.6739507497218125,0.4675886673828137,3.0
interaction_dominated,beta,0.3,0.3,0.9,0.0005,0.05,3,-0.5,-0.5,10000,0.5284840957323308,1.1944000991276746e-07,3.0
interaction_dominated,beta,0.3,0.3,0.9,0.0005,0.05,4,0.8,0.2,1000,3.0896606868893106,2.5508718031799296,3.0
interaction_dominated,beta,0.3,0.3,0.9,0.0005,0.05,4,0.8,0.2,3000,2.191355295130825,0.9160682964730708,3.0
interaction_dominated,beta,0.3,0.3,0.9,0.0005,0.05,4,0.8,0.2,10000,0.72334323366277,5.753320017918263e-07,3.0
interaction_dominated,beta,0.3,0.3,0.9,0.0005,0.05,5,-0.8,0.2,1000,2.391336904059715,1.90810697886808,3.0
interaction_dominated,beta,0.3,0.3,0.9,0.0005,0.05,5,-0.8,0.2,3000,1.506258236903277,0.36591100959984096,3.0
interaction_dominated,beta,0.3,0.3,0.9,0.0005,0.05,5,-0.8,0.2,10000,0.46950625102088145,8.270354929647183e-08,3.0
interaction_dominated,beta,0.3,0.3,0.9,0.0005,0.05,6,0.2,-0.8,1000,3.0896606868893106,2.5508718031799296,3.0
interaction_dominated,beta,0.3,0.3,0.9,0.0005,0.05,6,0.2,-0.8,3000,2.191355295130825,0.9160682964730708,3.0
interaction_dominated,beta,0.3,0.3,0.9,0.0005,0.05,6,0.2,-0.8,10000,0.72334323366277,5.753320017918263e-07,3.0
interaction_dominated,beta,0.3,0.3,0.9,0.0005,0.05,7,-0.2,-0.8,1000,2.391336904059715,1.90810697886808,3.0
interaction_dominated,beta,0.3,0.3,0.9,0.0005,0.05,7,-0.2,-0.8,3000,1.506258236903277,0.36591100959984096,3.0
interaction_dominated,beta,0.3,0.3,0.9,0.0005,0.05,7,-0.2,-0.8,10000,0.46950625102088145,8.270354929647183e-08,3.0
interaction_dominated,beta,0.6,0.6,0.9,0.0005,0.05,0,0.5,0.5,1000,2.5232260478747723,2.1588366892433006,3.0
interaction_dominated,beta,0.6,0.6,0.9,0.0005,0.05,0,0.5,0.5,3000,1.682502100593876,0.48934998238721644,3.0
interaction_dominated,beta,0.6,0.6,0.9,0.0005,0.05,0,0.5,0.5,10000,0.5327446583489597,1.6144151041936034e-07,3.0
interaction_dominated,beta,0.6,0.6,0.9,0.0005,0.05,1,-0.5,0.5,1000,2.5232260478747723,2.1588366892433006,3.0
interaction_dominated,beta,0.6,0.6,0.9,0.0005,0.05,1,-0.5,0.5,3000,1.682502100593876,0.48934998238721644,3.0
interaction_dominated,beta,0.6,0.6,0.9,0.0005,0.05,1,-0.5,0.5,10000,0.5327446583489597,1.6144151041936034e-07,3.0
interaction_dominated,beta,0.6,0.6,0.9,0.0005,0.05,2,0.5,-0.5,1000,2.5232260478747723,2.1588366892433006,3.0
interaction_dominated,beta,0.6,0.6,0.9,0.0005,0.05,2,0.5,-0.5,3000,1.682502100593876,0.48934998238721644,3.0
interaction_dominated,beta,0.6,0.6,0.9,0.0005,0.05,2,0.5,-0.5,10000,0.5327446583489597,1.6144151041936034e-07,3.0
interaction_dominated,beta,0.6,0.6,0.9,0.0005,0.05,3,-0.5,-0.5,1000,2.5232260478747723,2.1588366892433006,3.0
interaction_dominated,beta,0.6,0.6,0.9,0.0005,0.05,3,-0.5,-0.5,3000,1.682502100593876,0.48934998238721644,3.0
interaction_dominated,beta,0.6,0.6,0.9,0.0005,0.05,3,-0.5,-0.5,10000,0.5327446583489597,1.6144151041936034e-07,3.0
interaction_dominated,beta,0.6,0.6,0.9,0.0005,0.05,4,0.8,0.2,1000,3.0910063628422426,2.5540525403888608,3.0
interaction_dominated,beta,0.6,0.6,0.9,0.0005,0.05,4,0.8,0.2,3000,2.1981578529247674,0.9326897293265425,3.0
interaction_dominated,beta,0.6,0.6,0.9,0.0005,0.05,4,0.8,0.2,10000,0.7281410707671098,8.117243804992319e-07,3.0
interaction_dominated,beta,0.6,0.6,0.9,0.0005,0.05,5,-0.8,0.2,1000,2.393810070513478,1.9125668682332566,3.0
interaction_dominated,beta,0.6,0.6,0.9,0.0005,0.05,5,-0.8,0.2,3000,1.5140932122565565,0.38355416940567144,3.0
interaction_dominated,beta,0.6,0.6,0.9,0.0005,0.05,5,-0.8,0.2,10000,0.4731539111505859,1.2572956920254678e-07,3.0
interaction_dominated,beta,0.6,0.6,0.9,0.0005,0.05,6,0.2,-0.8,1000,3.0910063628422426,2.5540525403888608,3.0
interaction_dominated,beta,0.6,0.6,0.9,0.0005,0.05,6,0.2,-0.8,3000,2.1981578529247674,0.9326897293265425,3.0
interaction_dominated,beta,0.6,0.6,0.9,0.0005,0.05,6,0.2,-0.8,10000,0.7281410707671098,8.117243804992319e-07,3.0
interaction_dominated,beta,0.6,0.6,0.9,0.0005,0.05,7,-0.2,-0.8,1000,2.393810070513478,1.9125668682332566,3.0
interaction_dominated,beta,0.6,0.6,0.9,0.0005,0.05,7,-0.2,-0.8,3000,1.5140932122565565,0.38355416940567144,3.0
interaction_dominated,beta,0.6,0.6,0.9,0.0005,0.05,7,-0.2,-0.8,10000,0.4731539111505859,1.2572956920254678e-07,3.0
interaction_dominated,beta,0.9,0.9,0.9,0.0005,0.05,0,0.5,0.5,1000,2.5438898292801744,2.20232627020688,3.0
interaction_dominated,beta,0.9,0.9,0.9,0.0005,0.05,0,0.5,0.5,3000,1.7426812743305857,0.6344896489076695,3.0
interaction_dominated,beta,0.9,0.9,0.9,0.0005,0.05,0,0.5,0.5,10000,0.5660438931838467,2.621991872345895e-06,3.0
interaction_dominated,beta,0.9,0.9,0.9,0.0005,0.05,1,-0.5,0.5,1000,2.5438898292801744,2.20232627020688,3.0
interaction_dominated,beta,0.9,0.9,0.9,0.0005,0.05,1,-0.5,0.5,3000,1.7426812743305857,0.6344896489076695,3.0
interaction_dominated,beta,0.9,0.9,0.9,0.0005,0.05,1,-0.5,0.5,10000,0.5660438931838467,2.621991872345895e-06,3.0
interaction_dominated,beta,0.9,0.9,0.9,0.0005,0.05,2,0.5,-0.5,1000,2.5438898292801744,2.20232627020688,3.0
interaction_dominated,beta,0.9,0.9,0.9,0.0005,0.05,2,0.5,-0.5,3000,1.7426812743305857,0.6344896489076695,3.0
interaction_dominated,beta,0.9,0.9,0.9,0.0005,0.05,2,0.5,-0.5,10000,0.5660438931838467,2.621991872345895e-06,3.0
interaction_dominated,beta,0.9,0.9,0.9,0.0005,0.05,3,-0.5,-0.5,1000,2.5438898292801744,2.20232627020688,3.0
interaction_dominated,beta,0.9,0.9,0.9,0.0005,0.05,3,-0.5,-0.5,3000,1.7426812743305857,0.6344896489076695,3.0
interaction_dominated,beta,0.9,0.9,0.9,0.0005,0.05,3,-0.5,-0.5,10000,0.5660438931838467,2.621991872345895e-06,3.0
interaction_dominated,beta,0.9,0.9,0.9,0.0005,0.05,4,0.8,0.2,1000,3.100266602994592,2.5763457261274008,3.0
interaction_dominated,beta,0.9,0.9,0.9,0.0005,0.05,4,0.8,0.2,3000,2.246069231944943,1.048682800403911,3.0
interaction_dominated,beta,0.9,0.9,0.9,0.0005,0.05,4,0.8,0.2,10000,0.7654089085290542,1.0085801951172718e-05,3.0
interaction_dominated,beta,0.9,0.9,0.9,0.0005,0.05,5,-0.8,0.2,1000,2.4105738429536543,1.943303642374039,3.0
interaction_dominated,beta,0.9,0.9,0.9,0.0005,0.05,5,-0.8,0.2,3000,1.5691507362287982,0.4982330892297635,3.0
interaction_dominated,beta,0.9,0.9,0.9,0.0005,0.05,5,-0.8,0.2,10000,0.5016742615268218,2.1651300771057055e-06,3.0
interaction_dominated,beta,0.9,0.9,0.9,0.0005,0.05,6,0.2,-0.8,1000,3.100266602994592,2.5763457261274008,3.0
interaction_dominated,beta,0.9,0.9,0.9,0.0005,0.05,6,0.2,-0.8,3000,2.246069231944943,1.048682800403911,3.0
interaction_dominated,beta,0.9,0.9,0.9,0.0005,0.05,6,0.2,-0.8,10000,0.7654089085290542,1.0085801951172718e-05,3.0
interaction_dominated,beta,0.9,0.9,0.9,0.0005,0.05,7,-0.2,-0.8,1000,2.4105738429536543,1.943303642374039,3.0
interaction_dominated,beta,0.9,0.9,0.9,0.0005,0.05,7,-0.2,-0.8,3000,1.5691507362287982,0.4982330892297635,3.0
interaction_dominated,beta,0.9,0.9,0.9,0.0005,0.05,7,-0.2,-0.8,10000,0.5016742615268218,2.1651300771057055e-06,3.0
interaction_dominated,rho,0.3,0.0,0.3,0.01,0.05,0,0.5,0.5,1000,0.2721740688637475,3.286034517835806e-14,3.0
interaction_dominated,rho,0.3,0.0,0.3,0.01,0.05,0,0.5,0.5,3000,0.09072468962124934,2.3619241931304226e-45,3.0
interaction_dominated,rho,0.3,0.0,0.3,0.01,0.05,0,0.5,0.5,10000,0.0272174068863748,9.475323096357654e-155,3.0
interaction_dominated,rho,0.3,0.0,0.3,0.01,0.05,1,-0.5,0.5,1000,0.2721740688637475,3.286034517835806e-14,3.0
interaction_dominated,rho,0.3,0.0,0.3,0.01,0.05,1,-0.5,0.5,3000,0.09072468962124934,2.3619241931304226e-45,3.0
interaction_dominated,rho,0.3,0.0,0.3,0.01,0.05,1,-0.5,0.5,10000,0.0272174068863748,9.475323096357654e-155,3.0
interaction_dominated,rho,0.3,0.0,0.3,0.01,0.05,2,0.5,-0.5,1000,0.2721740688637475,3.286034517835806e-14,3.0
interaction_dominated,rho,0.3,0.0,0.3,0.01,0.05,2,0.5,-0.5,3000,0.09072468962124934,2.3619241931304226e-45,3.0
interaction_dominated,rho,0.3,0.0,0.3,0.01,0.05,2,0.5,-0.5,10000,0.0272174068863748,9.475323096357654e-155,3.0
interaction_dominated,rho,0.3,0.0,0.3,0.01,0.05,3,-0.5,-0.5,1000,0.2721740688637475,3.286034517835806e-14,3.0
interaction_dominated,rho,0.3,0.0,0.3,0.01,0.05,3,-0.5,-0.5,3000,0.09072468962124934,2.3619241931304226e-45,3.0
interaction_dominated,rho,0.3,0.0,0.3,0.01,0.05,3,-0.5,-0.5,10000,0.0272174068863748,9.475323096357654e-155,3.0
interaction_dominated,rho,0.3,0.0,0.3,0.01,0.05,4,0.8,0.2,1000,0.3693187739601309,1.2039898930650177e-13,3.0
interaction_dominated,rho,0.3,0.0,0.3,0.01,0.05,4,0.8,0.2,3000,0.12310625798671113,5.047368936784494e-45,3.0
interaction_dominated,rho,0.3,0.0,0.3,0.01,0.05,4,0.8,0.2,10000,0.03693187739601334,2.4944613045984747e-154,3.0
interaction_dominated,rho,0.3,0.0,0.3,0.01,0.05,5,-0.8,0.2,1000,0.24079134609955413,2.5817262220948502e-14,3.0
interaction_dominated,rho,0.3,0.0,0.3,0.01,0.05,5,-0.8,0.2,3000,0.08026378203318486,1.2991473089518311e-45,3.0
interaction_dominated,rho,0.3,0.0,0.3,0.01,0.05,5,-0.8,0.2,10000,0.02407913460995546,6.016287433516856e-155,3.0
interaction_dominated,rho,0.3,0.0,0.3,0.01,0.05,6,0.2,-0.8,1000,0.3693187739601309,1.2039898930650177e-13,3.0
interaction_dominated,rho,0.3,0.0,0.3,0.01,0.05,6,0.2,-0.8,3000,0.12310625798671113,5.047368936784494e-45,3.0
interaction_dominated,rho,0.3,0.0,0.3,0.01,0.05,6,0.2,-0.8,10000,0.03693187739601334,2.4944613045984747e-154,3.0
interaction_dominated,rho,0.3,0.0,0.3,0.01,0.05,7,-0.2,-0.8,1000,0.24079134609955413,2.5817262220948502e-14,3.0
interaction_dominated,rho,0.3,0.0,0.3,0.01,0.05,7,-0.2,-0.8,3000,0.08026378203318486,1.2991473089518311e-45,3.0
interaction_dominated,rho,0.3,0.0,0.3,0.01,0.05,7,-0.2,-0.8,10000,0.02407913460995546,6.016287433516856e-155,3.0
interaction_dominated,rho,0.5,0.0,0.5,0.01,0.05,0,0.5,0.5,1000,0.26058811262595,3.1049603502676406e-14,3.0
interaction_dominated,rho,0.5,0.0,0.5,0.01,0.05,0,0.5,0.5,3000,0.08686270420865003,1.3552796624571543e-45,3.0
interaction_dominated,rho,0.5,0.0,0.5,0.01,0.05,0,0.5,0.5,10000,0.02605881126259501,5.759995282347095e-155,3.0
interaction_dominated,rho,0.5,0.0,0.5,0.01,0.05,1,-0.5,0.5,1000,0.26058811262595,3.1049603502676406e-14,3.0
interaction_dominated,rho,0.5,0.0,0.5,0.01,0.05,1,-0.5,0.5,3000,0.08686270420865003,1.3552796624571543e-45,3.0
interaction_dominated,rho,0.5,0.0,0.5,0.01,0.05,1,-0.5,0.5,10000,0.02605881126259501,5.759995282347095e-155,3.0
interaction_dominated,rho,0.5,0.0,0.5,0.01,0.05,2,0.5,-0.5,1000,0.26058811262595,3.1049603502676406e-14,3.0
interaction_dominated,rho,0.5,0.0,0.5,0.01,0.05,2,0.5,-0.5,3000,0.08686270420865003,1.3552796624571543e-45,3.0
interaction_dominated,rho,0.5,0.0,0.5,0.01,0.05,2,0.5,-0.5,10000,0.02605881126259501,5.759995282347095e-155,3.0
interaction_dominated,rho,0.5,0.0,0.5,0.01,0.05,3,-0.5,-0.5,1000,0.26058811262595,3.1049603502676406e-14,3.0
interaction_dominated,rho,0.5,0.0,0.5,0.01,0.05,3,-0.5,-0.5,3000,0.08686270420865003,1.3552796624571543e-45,3.0
interaction_dominated,rho,0.5,0.0,0.5,0.01,0.05,3,-0.5,-0.5,10000,0.02605881126259501,5.759995282347095e-155,3.0
interaction_dominated,rho,0.5,0.0,0.5,0.01,0.05,4,0.8,0.2,1000,0.35495041196595767,7.479161796533609e-14,3.0
interaction_dominated,rho,0.5,0.0,0.5,0.01,0.05,4,0.8,0.2,3000,0.11831680398865307,4.860399804855246e-45,3.0
interaction_dominated,rho,0.5,0.0,0.5,0.01,0.05,4,0.8,0.2,10000,0.035495041196595925,1.8557283671316192e-154,3.0
interaction_dominated,rho,0.5,0.0,0.5,0.01,0.05,5,-0.8,0.2,1000,0.23008802206940523,2.0132622288523033e-14,3.0
interaction_dominated,rho,0.5,0.0,0.5,0.01,0.05,5,-0.8,0.2,3000,0.07669600735646849,1.1060890437363906e-45,3.0
interaction_dominated,rho,0.5,0.0,0.5,0.01,0.05,5,-0.8,0.2,10000,0.023008802206940546,3.814659324795033e-155,3.0
interaction_dominated,rho,0.5,0.0,0.5,0.01,0.05,6,0.2,-0.8,1000,0.35495041196595767,7.479161796533609e-14,3.0
interaction_dominated,rho,0.5,0.0,0.5,0.01,0.05,6,0.2,-0.8,3000,0.11831680398865307,4.860399804855246e-45,3.0
interaction_dominated,rho,0.5,0.0,0.5,0.01,0.05,6,0.2,-0.8,10000,0.035495041196595925,1.8557283671316192e-154,3.0
interaction_dominated,rho,0.5,0.0,0.5,0.01,0.05,7,-0.2,-0.8,1000,0.23008802206940523,2.0132622288523033e-14,3.0
interaction_dominated,rho,0.5,0.0,0.5,0.01,0.05,7,-0.2,-0.8,3000,0.07669600735646849,1.1060890437363906e-45,3.0
interaction_dominated,rho,0.5,0.0,0.5,0.01,0.05,7,-0.2,-0.8,10000,0.023008802206940546,3.814659324795033e-155,3.0
interaction_dominated,rho,0.7,0.0,0.7,0.01,0.05,0,0.5,0.5,1000,0.24032462775353985,1.6296260268080793e-14,3.0
interaction_dominated,rho,0.7,0.0,0.7,0.01,0.05,0,0.5,0.5,3000,0.08010820925118,8.123078820230389e-46,3.0
interaction_dominated,rho,0.7,0.0,0.7,0.01,0.05,0,0.5,0.5,10000,0.024032462775354,3.773769835270297e-155,3.0
interaction_dominated,rho,0.7,0.0,0.7,0.01,0.05,1,-0.5,0.5,1000,0.24032462775353985,1.6296260268080793e-14,3.0
interaction_dominated,rho,0.7,0.0,0.7,0.01,0.05,1,-0.5,0.5,3000,0.08010820925118,8.123078820230389e-46,3.0
interaction_dominated,rho,0.7,0.0,0.7,0.01,0.05,1,-0.5,0.5,10000,0.024032462775354,3.773769835270297e-155,3.0
interaction_dominated,rho,0.7,0.0,0.7,0.01,0.05,2,0.5,-0.5,1000,0.24032462775353985,1.6296260268080793e-14,3.0
interaction_dominated,rho,0.7,0.0,0.7,0.01,0.05,2,0.5,-0.5,3000,0.08010820925118,8.123078820230389e-46,3.0
interaction_dominated,rho,0.7,0.0,0.7,0.01,0.05,2,0.5,-0.5,10000,0.024032462775354,3.773769835270297e-155,3.0
interaction_dominated,rho,0.7,0.0,0.7,0.01,0.05,3,-0.5,-0.5,1000,0.24032462775353985,1.6296260268080793e-14,3.0
interaction_dominated,rho,0.7,0.0,0.7,0.01,0.05,3,-0.5,-0.5,3000,0.08010820925118,8.123078820230389e-46,3.0
interaction_dominated,rho,0.7,0.0,0.7,0.01,0.05,3,-0.5,-0.5,10000,0.024032462775354,3.773769835270297e-155,3.0
interaction_dominated,rho,0.7,0.0,0.7,0.01,0.05,4,0.8,0.2,1000,0.3289867302634365,4.156471637262762e-14,3.0
interaction_dominated,rho,0.7,0.0,0.7,0.01,0.05,4,0.8,0.2,3000,0.10966224342114572,2.5955984777765245e-45,3.0
interaction_dominated,rho,0.7,0.0,0.7,0.01,0.05,4,0.8,0.2,10000,0.032898673026343715,9.697035278519972e-155,3.0
interaction_dominated,rho,0.7,0.0,0.7,0.01,0.05,5,-0.8,0.2,1000,0.2109808323358477,1.2006213936903936e-14,3.0
interaction_dominated,rho,0.7,0.0,0.7,0.01,0.05,5,-0.8,0.2,3000,0.07032694411194923,5.437473108442046e-46,3.0
interaction_dominated,rho,0.7,0.0,0.7,0.01,0.05,5,-0.8,0.2,10000,0.02109808323358477,2.1254945284373916e-155,3.0
interaction_dominated,rho,0.7,0.0,0.7,0.01,0.05,6,0.2,-0.8,1000,0.3289867302634365,4.156471637262762e-14,3.0
interaction_dominated,rho,0.7,0.0,0.7,0.01,0.05,6,0.2,-0.8,3000,0.10966224342114572,2.5955984777765245e-45,3.0
interaction_dominated,rho,0.7,0.0,0.7,0.01,0.05,6,0.2,-0.8,10000,0.032898673026343715,9.697035278519972e-155,3.0
interaction_dominated,rho,0.7,0.0,0.7,0.01,0.05,7,-0.2,-0.8,1000,0.2109808323358477,1.2006213936903936e-14,3.0
interaction_dominated,rho,0.7,0.0,0.7,0.01,0.05,7,-0.2,-0.8,3000,0.07032694411194923,5.437473108442046e-46,3.0
interaction_dominated,rho,0.7,0.0,0.7,0.01,0.05,7,-0.2,-0.8,10000,0.02109808323358477,2.1254945284373916e-155,3.0
interaction_dominated,rho,0.9,0.0,0.9,0.01,0.05,0,0.5,0.5,1000,0.21350366453476527,8.067433585762528e-15,3.0
interaction_dominated,rho,0.9,0.0,0.9,0.01,0.05,0,0.5,0.5,3000,0.07116788817825509,6.04937520842584e-46,3.0
interaction_dominated,rho,0.9,0.0,0.9,0.01,0.05,0,0.5,0.5,10000,0.021350366453476526,2.4726006295658114e-155,3.0
interaction_dominated,rho,0.9,0.0,0.9,0.01,0.05,1,-0.5,0.5,1000,0.21350366453476527,8.067433585762528e-15,3.0
interaction_dominated,rho,0.9,0.0,0.9,0.01,0.05,1,-0.5,0.5,3000,0.07116788817825509,6.04937520842584e-46,3.0
interaction_dominated,rho,0.9,0.0,0.9,0.01,0.05,1,-0.5,0.5,10000,0.021350366453476526,2.4726006295658114e-155,3.0
interaction_dominated,rho,0.9,0.0,0.9,0.01,0.05,2,0.5,-0.5,1000,0.21350366453476527,8.067433585762528e-15,3.0
interaction_dominated,rho,0.9,0.0,0.9,0.01,0.05,2,0.5,-0.5,3000,0.07116788817825509,6.04937520842584e-46,3.0
interaction_dominated,rho,0.9,0.0,0.9,0.01,0.05,2,0.5,-0.5,10000,0.021350366453476526,2.4726006295658114e-155,3.0
interaction_dominated,rho,0.9,0.0,0.9,0.01,0.05,3,-0.5,-0.5,1000,0.21350366453476527,8.067433585762528e-15,3.0
interaction_dominated,rho,0.9,0.0,0.9,0.01,0.05,3,-0.5,-0.5,3000,0.07116788817825509,6.04937520842584e-46,3.0
interaction_dominated,rho,0.9,0.0,0.9,0.01,0.05,3,-0.5,-0.5,10000,0.021350366453476526,2.4726006295658114e-155,3.0
interaction_dominated,rho,0.9,0.0,0.9,0.01,0.05,4,0.8,0.2,1000,0.2889680717412401,2.17528597254431e-14,3.0
interaction_dominated,rho,0.9,0.0,0.9,0.01,0.05,4,0.8,0.2,3000,0.09632269058041337,1.4282654108218494e-45,3.0
interaction_dominated,rho,0.9,0.0,0.9,0.01,0.05,4,0.8,0.2,10000,0.028896807174124014,5.482758126203087e-155,3.0
interaction_dominated,rho,0.9,0.0,0.9,0.01,0.05,5,-0.8,0.2,1000,0.1789869746275504,6.917350614224351e-15,3.0
interaction_dominated,rho,0.9,0.0,0.9,0.01,0.05,5,-0.8,0.2,3000,0.059662324875850124,2.8234248225110315e-46,3.0
interaction_dominated,rho,0.9,0.0,0.9,0.01,0.05,5,-0.8,0.2,10000,0.017898697462755037,1.3844999878726778e-155,3.0
interaction_dominated,rho,0.9,0.0,0.9,0.01,0.05,6,0.2,-0.8,1000,0.2889680717412401,2.17528597254431e-14,3.0
interaction_dominated,rho,0.9,0.0,0.9,0.01,0.05,6,0.2,-0.8,3000,0.09632269058041337,1.4282654108218494e-45,3.0
interaction_dominated,rho,0.9,0.0,0.9,0.01,0.05,6,0.2,-0.8,10000,0.028896807174124014,5.482758126203087e-155,3.0
interaction_dominated,rho,0.9,0.0,0.9,0.01,0.05,7,-0.2,-0.8,1000,0.1789869746275504,6.917350614224351e-15,3.0
interaction_dominated,rho,0.9,0.0,0.9,0.01,0.05,7,-0.2,-0.8,3000,0.059662324875850124,2.8234248225110315e-46,3.0
interaction_dominated,rho,0.9,0.0,0.9,0.01,0.05,7,-0.2,-0.8,10000,0.017898697462755037,1.3844999878726778e-155,3.0
interaction_free_control,beta,-0.3,-0.3,0.9,0.0005,0.05,0,0.5,0.5,1000,0.5891484614568295,0.24880053108969072,0.0
interaction_free_control,beta,-0.3,-0.3,0.9,0.0005,0.05,0,0.5,0.5,3000,0.23485632101129036,0.003063251065687225,0.0
interaction_free_control,beta,-0.3,-0.3,0.9,0.0005,0.05,0,0.5,0.5,10000,0.07059365463991761,4.834063880065755e-10,0.0
interaction_free_control,beta,-0.3,-0.3,0.9,0.0005,0.05,1,-0.5,0.5,1000,0.5891484614568295,0.24880053108969072,0.0
interaction_free_control,beta,-0.3,-0.3,0.9,0.0005,0.05,1,-0.5,0.5,3000,0.23485632101129036,0.003063251065687225,0.0
interaction_free_control,beta,-0.3,-0.3,0.9,0.0005,0.05,1,-0.5,0.5,10000,0.07059365463991761,4.834063880065755e-10,0.0
interaction_free_control,beta,-0.3,-0.3,0.9,0.0005,0.05,2,0.5,-0.5,1000,0.5891484614568295,0.24880053108969072,0.0
interaction_free_control,beta,-0.3,-0.3,0.9,0.0005,0.05,2,0.5,-0.5,3000,0.23485632101129036,0.003063251065687225,0.0
interaction_free_control,beta,-0.3,-0.3,0.9,0.0005,0.05,2,0.5,-0.5,10000,0.07059365463991761,4.834063880065755e-10,0.0
interaction_free_control,beta,-0.3,-0.3,0.9,0.0005,0.05,3,-0.5,-0.5,1000,0.5891484614568295,0.24880053108969072,0.0
interaction_free_control,beta,-0.3,-0.3,0.9,0.0005,0.05,3,-0.5,-0.5,3000,0.23485632101129036,0.003063251065687225,0.0
interaction_free_control,beta,-0.3,-0.3,0.9,0.0005,0.05,3,-0.5,-0.5,10000,0.07059365463991761,4.834063880065755e-10,0.0
interaction_free_control,beta,-0.3,-0.3,0.9,0.0005,0.05,4,0.8,0.2,1000,0.655120680098817,0.3685115202098532,0.0
interaction_free_control,beta,-0.3,-0.3,0.9,0.0005,0.05,4,0.8,0.2,3000,0.28849041015753246,0.0067080384683432534,0.0
interaction_free_control,beta,-0.3,-0.3,0.9,0.0005,0.05,4,0.8,0.2,10000,0.0868466409413435,1.058788633181375e-09,0.0
interaction_free_control,beta,-0.3,-0.3,0.9,0.0005,0.05,5,-0.8,0.2,1000,0.655120680098817,0.3685115202098532,0.0
interaction_free_control,beta,-0.3,-0.3,0.9,0.0005,0.05,5,-0.8,0.2,3000,0.28849041015753246,0.0067080384683432534,0.0
interaction_free_control,beta,-0.3,-0.3,0.9,0.0005,0.05,5,-0.8,0.2,10000,0.0868466409413435,1.058788633181375e-09,0.0
interaction_free_control,beta,-0.3,-0.3,0.9,0.0005,0.05,6,0.2,-0.8,1000,0.655120680098817,0.3685115202098532,0.0
interaction_free_control,beta,-0.3,-0.3,0.9,0.0005,0.05,6,0.2,-0.8,3000,0.28849041015753246,0.0067080384683432534,0.0
interaction_free_control,beta,-0.3,-0.3,0.9,0.0005,0.05,6,0.2,-0.8,10000,0.0868466409413435,1.058788633181375e-09,0.0
interaction_free_control,beta,-0.3,-0.3,0.9,0.0005,0.05,7,-0.2,-0.8,1000,0.655120680098817,0.3685115202098532,0.0
interaction_free_control,beta,-0.3,-0.3,0.9,0.0005,0.05,7,-0.2,-0.8,3000,0.28849041015753246,0.0067080384683432534,0.0
interaction_free_control,beta,-0.3,-0.3,0.9,0.0005,0.05,7,-0.2,-0.8,10000,0.0868466409413435,1.058788633181375e-09,0.0
interaction_free_control,beta,0.0,0.0,0.9,0.0005,0.05,0,0.5,0.5,1000,0.5890555859674323,0.24864608773100588,0.0
interaction_free_control,beta,0.0,0.0,0.9,0.0005,0.05,0,0.5,0.5,3000,0.2347814140065849,0.0030541130888004355,0.0
interaction_free_control,beta,0.0,0.0,0.9,0.0005,0.05,0,0.5,0.5,10000,0.07057070396770193,4.780738841842573e-10,0.0
interaction_free_control,beta,0.0,0.0,0.9,0.0005,0.05,1,-0.5,0.5,1000,0.5890555859674323,0.24864608773100588,0.0
interaction_free_control,beta,0.0,0.0,0.9,0.0005,0.05,1,-0.5,0.5,3000,0.2347814140065849,0.0030541130888004355,0.0
interaction_free_control,beta,0.0,0.0,0.9,0.0005,0.05,1,-0.5,0.5,10000,0.07057070396770193,4.780738841842573e-10,0.0
interaction_free_control,beta,0.0,0.0,0.9,0.0005,0.05,2,0.5,-0.5,1000,0.5890555859674323,0.24864608773100588,0.0
interaction_free_control,beta,0.0,0.0,0.9,0.0005,0.05,2,0.5,-0.5,3000,0.2347814140065849,0.0030541130888004355,0.0
interaction_free_control,beta,0.0,0.0,0.9,0.0005,0.05,2,0.5,-0.5,10000,0.07057070396770193,4.780738841842573e-10,0.0
interaction_free_control,beta,0.0,0.0,0.9,0.0005,0.05,3,-0.5,-0.5,1000,0.5890555859674323,0.24864608773100588,0.0
interaction_free_control,beta,0.0,0.0,0.9,0.0005,0.05,3,-0.5,-0.5,3000,0.2347814140065849,0.0030541130888004355,0.0
interaction_free_control,beta,0.0,0.0,0.9,0.0005,0.05,3,-0.5,-0.5,10000,0.07057070396770193,4.780738841842573e-10,0.0
interaction_free_control,beta,0.0,0.0,0.9,0.0005,0.05,4,0.8,0.2,1000,0.6550544579702567,0.36840377474229935,0.0
interaction_free_control,beta,0.0,0.0,0.9,0.0005,0.05,4,0.8,0.2,3000,0.2884169113885478,0.006691118273399841,0.0
interaction_free_control,beta,0.0,0.0,0.9,0.0005,0.05,4,0.8,0.2,10000,0.08682368093734616,1.0475920260800143e-09,0.0
interaction_free_control,beta,0.0,0.0,0.9,0.0005,0.05,5,-0.8,0.2,1000,0.6550544579702567,0.36840377474229935,0.0
interaction_free_control,beta,0.0,0.0,0.9,0.0005,0.05,5,-0.8,0.2,3000,0.2884169113885478,0.006691118273399841,0.0
interaction_free_control,beta,0.0,0.0,0.9,0.0005,0.05,5,-0.8,0.2,10000,0.08682368093734616,1.0475920260800143e-09,0.0
interaction_free_control,beta,0.0,0.0,0.9,0.0005,0.05,6,0.2,-0.8,1000,0.6550544579702567,0.36840377474229935,0.0
interaction_free_control,beta,0.0,0.0,0.9,0.0005,0.05,6,0.2,-0.8,3000,0.2884169113885478,0.006691118273399841,0.0
interaction_free_control,beta,0.0,0.0,0.9,0.0005,0.05,6,0.2,-0.8,10000,0.08682368093734616,1.0475920260800143e-09,0.0
interaction_free_control,beta,0.0,0.0,0.9,0.0005,0.05,7,-0.2,-0.8,1000,0.6550544579702567,0.36840377474229935,0.0
interaction_free_control,beta,0.0,0.0,0.9,0.0005,0.05,7,-0.2,-0.8,3000,0.2884169113885478,0.006691118273399841,0.0
interaction_free_control,beta,0.0,0.0,0.9,0.0005,0.05,7,-0.2,-0.8,10000,0.08682368093734616,1.0475920260800143e-09,0.0
interaction_free_control,beta,0.3,0.3,0.9,0.0005,0.05,0,0.5,0.5,1000,0.5888833343452899,0.24835922162253612,0.0
interaction_free_control,beta,0.3,0.3,0.9,0.0005,0.05,0,0.5,0.5,3000,0.23464239088296132,0.003037173549833678,0.0
interaction_free_control,beta,0.3,0.3,0.9,0.0005,0.05,0,0.5,0.5,10000,0.0705281105654098,4.682989582423489e-10,0.0
interaction_free_control,beta,0.3,0.3,0.9,0.0005,0.05,1,-0.5,0.5,1000,0.5888833343452899,0.24835922162253612,0.0
interaction_free_control,beta,0.3,0.3,0.9,0.0005,0.05,1,-0.5,0.5,3000,0.23464239088296132,0.003037173549833678,0.0
interaction_free_control,beta,0.3,0.3,0.9,0.0005,0.05,1,-0.5,0.5,10000,0.0705281105654098,4.682989582423489e-10,0.0
interaction_free_control,beta,0.3,0.3,0.9,0.0005,0.05,2,0.5,-0.5,1000,0.5888833343452899,0.24835922162253612,0.0
interaction_free_control,beta,0.3,0.3,0.9,0.0005,0.05,2,0.5,-0.5,3000,0.23464239088296132,0.003037173549833678,0.0
interaction_free_control,beta,0.3,0.3,0.9,0.0005,0.05,2,0.5,-0.5,10000,0.0705281105654098,4.682989582423489e-10,0.0
interaction_free_control,beta,0.3,0.3,0.9,0.0005,0.05,3,-0.5,-0.5,1000,0.5888833343452899,0.24835922162253612,0.0
interaction_free_control,beta,0.3,0.3,0.9,0.0005,0.05,3,-0.5,-0.5,3000,0.23464239088296132,0.003037173549833678,0.0
interaction_free_control,beta,0.3,0.3,0.9,0.0005,0.05,3,-0.5,-0.5,10000,0.0705281105654098,4.682989582423489e-10,0.0
interaction_free_control,beta,0.3,0.3,0.9,0.0005,0.05,4,0.8,0.2,1000,0.6549316818418508,0.3682037054031497,0.0
interaction_free_control,beta,0.3,0.3,0.9,0.0005,0.05,4,0.8,0.2,3000,0.2882804888977162,0.006659736574798048,0.0
interaction_free_control,beta,0.3,0.3,0.9,0.0005,0.05,4,0.8,0.2,10000,0.08678106700401218,1.0270546079941643e-09,0.0
interaction_free_control,beta,0.3,0.3,0.9,0.0005,0.05,5,-0.8,0.2,1000,0.6549316818418508,0.3682037054031497,0.0
interaction_free_control,beta,0.3,0.3,0.9,0.0005,0.05,5,-0.8,0.2,3000,0.2882804888977162,0.006659736574798048,0.0
interaction_free_control,beta,0.3,0.3,0.9,0.0005,0.05,5,-0.8,0.2,10000,0.08678106700401218,1.0270546079941643e-09,0.0
interaction_free_control,beta,0.3,0.3,0.9,0.0005,0.05,6,0.2,-0.8,1000,0.6549316818418508,0.3682037054031497,0.0
interaction_free_control,beta,0.3,0.3,0.9,0.0005,0.05,6,0.2,-0.8,3000,0.2882804888977162,0.006659736574798048,0.0
interaction_free_control,beta,0.3,0.3,0.9,0.0005,0.05,6,0.2,-0.8,10000,0.08678106700401218,1.0270546079941643e-09,0.0
interaction_free_control,beta,0.3,0.3,0.9,0.0005,0.05,7,-0.2,-0.8,1000,0.6549316818418508,0.3682037054031497,0.0
interaction_free_control,beta,0.3,0.3,0.9,0.0005,0.05,7,-0.2,-0.8,3000,0.2882804888977162,0.006659736574798048,0.0
interaction_free_control,beta,0.3,0.3,0.9,0.0005,0.05,7,-0.2,-0.8,10000,0.08678106700401218,1.0270546079941643e-09,0.0
interaction_free_control,beta,0.6,0.6,0.9,0.0005,0.05,0,0.5,0.5,1000,0.5884535394759313,0.24764150047723088,0.0
interaction_free_control,beta,0.6,0.6,0.9,0.0005,0.05,0,0.5,0.5,3000,0.234295130487514,0.0029949966953660106,0.0
interaction_free_control,beta,0.6,0.6,0.9,0.0005,0.05,0,0.5,0.5,10000,0.07042172921316532,4.445777749861315e-10,0.0
interaction_free_control,beta,0.6,0.6,0.9,0.0005,0.05,1,-0.5,0.5,1000,0.5884535394759313,0.24764150047723088,0.0
interaction_free_control,beta,0.6,0.6,0.9,0.0005,0.05,1,-0.5,0.5,3000,0.234295130487514,0.0029949966953660106,0.0
interaction_free_control,beta,0.6,0.6,0.9,0.0005,0.05,1,-0.5,0.5,10000,0.07042172921316532,4.445777749861315e-10,0.0
interaction_free_control,beta,0.6,0.6,0.9,0.0005,0.05,2,0.5,-0.5,1000,0.5884535394759313,0.24764150047723088,0.0
interaction_free_control,beta,0.6,0.6,0.9,0.0005,0.05,2,0.5,-0.5,3000,0.234295130487514,0.0029949966953660106,0.0
interaction_free_control,beta,0.6,0.6,0.9,0.0005,0.05,2,0.5,-0.5,10000,0.07042172921316532,4.445777749861315e-10,0.0
interaction_free_control,beta,0.6,0.6,0.9,0.0005,0.05,3,-0.5,-0.5,1000,0.5884535394759313,0.24764150047723088,0.0
interaction_free_control,beta,0.6,0.6,0.9,0.0005,0.05,3,-0.5,-0.5,3000,0.234295130487514,0.0029949966953660106,0.0
interaction_free_control,beta,0.6,0.6,0.9,0.0005,0.05,3,-0.5,-0.5,10000,0.07042172921316532,4.445777749861315e-10,0.0
interaction_free_control,beta,0.6,0.6,0.9,0.0005,0.05,4,0.8,0.2,1000,0.6546255257903842,0.3677034566557884,0.0
interaction_free_control,beta,0.6,0.6,0.9,0.0005,0.05,4,0.8,0.2,3000,0.28793967035837875,0.006581511880015585,0.0
interaction_free_control,beta,0.6,0.6,0.9,0.0005,0.05,4,0.8,0.2,10000,0.08667462311647886,9.77143424271893e-10,0.0
interaction_free_control,beta,0.6,0.6,0.9,0.0005,0.05,5,-0.8,0.2,1000,0.6546255257903842,0.3677034566557884,0.0
interaction_free_control,beta,0.6,0.6,0.9,0.0005,0.05,5,-0.8,0.2,3000,0.28793967035837875,0.006581511880015585,0.0
interaction_free_control,beta,0.6,0.6,0.9,0.0005,0.05,5,-0.8,0.2,10000,0.08667462311647886,9.77143424271893e-10,0.0
interaction_free_control,beta,0.6,0.6,0.9,0.0005,0.05,6,0.2,-0.8,1000,0.6546255257903842,0.3677034566557884,0.0
interaction_free_control,beta,0.6,0.6,0.9,0.0005,0.05,6,0.2,-0.8,3000,0.28793967035837875,0.006581511880015585,0.0
interaction_free_control,beta,0.6,0.6,0.9,0.0005,0.05,6,0.2,-0.8,10000,0.08667462311647886,9.77143424271893e-10,0.0
interaction_free_control,beta,0.6,0.6,0.9,0.0005,0.05,7,-0.2,-0.8,1000,0.6546255257903842,0.3677034566557884,0.0
interaction_free_control,beta,0.6,0.6,0.9,0.0005,0.05,7,-0.2,-0.8,3000,0.28793967035837875,0.006581511880015585,0.0
interaction_free_control,beta,0.6,0.6,0.9,0.0005,0.05,7,-0.2,-0.8,10000,0.08667462311647886,9.77143424271893e-10,0.0
interaction_free_control,beta,0.9,0.9,0.9,0.0005,0.05,0,0.5,0.5,1000,0.5854767387745494,0.2425938240763633,0.0
interaction_free_control,beta,0.9,0.9,0.9,0.0005,0.05,0,0.5,0.5,3000,0.23187538288562493,0.002706656035134185,0.0
interaction_free_control,beta,0.9,0.9,0.9,0.0005,0.05,0,0.5,0.5,10000,0.06968089739255759,3.0463182217731303e-10,0.0
interaction_free_control,beta,0.9,0.9,0.9,0.0005,0.05,1,-0.5,0.5,1000,0.5854767387745494,0.2425938240763633,0.0
interaction_free_control,beta,0.9,0.9,0.9,0.0005,0.05,1,-0.5,0.5,3000,0.23187538288562493,0.002706656035134185,0.0
interaction_free_control,beta,0.9,0.9,0.9,0.0005,0.05,1,-0.5,0.5,10000,0.06968089739255759,3.0463182217731303e-10,0.0
interaction_free_control,beta,0.9,0.9,0.9,0.0005,0.05,2,0.5,-0.5,1000,0.5854767387745494,0.2425938240763633,0.0
interaction_free_control,beta,0.9,0.9,0.9,0.0005,0.05,2,0.5,-0.5,3000,0.23187538288562493,0.002706656035134185,0.0
interaction_free_control,beta,0.9,0.9,0.9,0.0005,0.05,2,0.5,-0.5,10000,0.06968089739255759,3.0463182217731303e-10,0.0
interaction_free_control,beta,0.9,0.9,0.9,0.0005,0.05,3,-0.5,-0.5,1000,0.5854767387745494,0.2425938240763633,0.0
interaction_free_control,beta,0.9,0.9,0.9,0.0005,0.05,3,-0.5,-0.5,3000,0.23187538288562493,0.002706656035134185,0.0
interaction_free_control,beta,0.9,0.9,0.9,0.0005,0.05,3,-0.5,-0.5,10000,0.06968089739255759,3.0463182217731303e-10,0.0
interaction_free_control,beta,0.9,0.9,0.9,0.0005,0.05,4,0.8,0.2,1000,0.6525123677572319,0.3641979218647528,0.0
interaction_free_control,beta,0.9,0.9,0.9,0.0005,0.05,4,0.8,0.2,3000,0.285562721701932,0.006043150793086196,0.0
interaction_free_control,beta,0.9,0.9,0.9,0.0005,0.05,4,0.8,0.2,10000,0.0859329344288463,6.802615438043192e-10,0.0
interaction_free_control,beta,0.9,0.9,0.9,0.0005,0.05,5,-0.8,0.2,1000,0.6525123677572319,0.3641979218647528,0.0
interaction_free_control,beta,0.9,0.9,0.9,0.0005,0.05,5,-0.8,0.2,3000,0.285562721701932,0.006043150793086196,0.0
interaction_free_control,beta,0.9,0.9,0.9,0.0005,0.05,5,-0.8,0.2,10000,0.0859329344288463,6.802615438043192e-10,0.0
interaction_free_control,beta,0.9,0.9,0.9,0.0005,0.05,6,0.2,-0.8,1000,0.6525123677572319,0.3641979218647528,0.0
interaction_free_control,beta,0.9,0.9,0.9,0.0005,0.05,6,0.2,-0.8,3000,0.285562721701932,0.006043150793086196,0.0
interaction_free_control,beta,0.9,0.9,0.9,0.0005,0.05,6,0.2,-0.8,10000,0.0859329344288463,6.802615438043192e-10,0.0
interaction_free_control,beta,0.9,0.9,0.9,0.0005,0.05,7,-0.2,-0.8,1000,0.6525123677572319,0.3641979218647528,0.0
interaction_free_control,beta,0.9,0.9,0.9,0.0005,0.05,7,-0.2,-0.8,3000,0.285562721701932,0.006043150793086196,0.0
interaction_free_control,beta,0.9,0.9,0.9,0.0005,0.05,7,-0.2,-0.8,10000,0.0859329344288463,6.802615438043192e-10,0.0
interaction_free_control,rho,0.3,0.0,0.3,0.01,0.05,0,0.5,0.5,1000,0.03455614662776204,3.538017748446345e-20,0.0
interaction_free_control,rho,0.3,0.0,0.3,0.01,0.05,0,0.5,0.5,3000,0.011518715542587347,6.440128062416657e-60,0.0
interaction_free_control,rho,0.3,0.0,0.3,0.01,0.05,0,0.5,0.5,10000,0.003455614662776204,5.240409679519365e-199,0.0
interaction_free_control,rho,0.3,0.0,0.3,0.01,0.05,1,-0.5,0.5,1000,0.03455614662776204,3.538017748446345e-20,0.0
interaction_free_control,rho,0.3,0.0,0.3,0.01,0.05,1,-0.5,0.5,3000,0.011518715542587347,6.440128062416657e-60,0.0
interaction_free_control,rho,0.3,0.0,0.3,0.01,0.05,1,-0.5,0.5,10000,0.003455614662776204,5.240409679519365e-199,0.0
interaction_free_control,rho,0.3,0.0,0.3,0.01,0.05,2,0.5,-0.5,1000,0.03455614662776204,3.538017748446345e-20,0.0
interaction_free_control,rho,0.3,0.0,0.3,0.01,0.05,2,0.5,-0.5,3000,0.011518715542587347,6.440128062416657e-60,0.0
interaction_free_control,rho,0.3,0.0,0.3,0.01,0.05,2,0.5,-0.5,10000,0.003455614662776204,5.240409679519365e-199,0.0
interaction_free_control,rho,0.3,0.0,0.3,0.01,0.05,3,-0.5,-0.5,1000,0.03455614662776204,3.538017748446345e-20,0.0
interaction_free_control,rho,0.3,0.0,0.3,0.01,0.05,3,-0.5,-0.5,3000,0.011518715542587347,6.440128062416657e-60,0.0
interaction_free_control,rho,0.3,0.0,0.3,0.01,0.05,3,-0.5,-0.5,10000,0.003455614662776204,5.240409679519365e-199,0.0
interaction_free_control,rho,0.3,0.0,0.3,0.01,0.05,4,0.8,0.2,1000,0.042710179769600856,7.968343569882441e-20,0.0
interaction_free_control,rho,0.3,0.0,0.3,0.01,0.05,4,0.8,0.2,3000,0.014236726589866952,1.4504492821697156e-59,0.0
interaction_free_control,rho,0.3,0.0,0.3,0.01,0.05,4,0.8,0.2,10000,0.004271017976960086,1.1802480298942775e-198,0.0
interaction_free_control,rho,0.3,0.0,0.3,0.01,0.05,5,-0.8,0.2,1000,0.042710179769600856,7.968343569882441e-20,0.0
interaction_free_control,rho,0.3,0.0,0.3,0.01,0.05,5,-0.8,0.2,3000,0.014236726589866952,1.4504492821697156e-59,0.0
interaction_free_control,rho,0.3,0.0,0.3,0.01,0.05,5,-0.8,0.2,10000,0.004271017976960086,1.1802480298942775e-198,0.0
interaction_free_control,rho,0.3,0.0,0.3,0.01,0.05,6,0.2,-0.8,1000,0.042710179769600856,7.968343569882441e-20,0.0
interaction_free_control,rho,0.3,0.0,0.3,0.01,0.05,6,0.2,-0.8,3000,0.014236726589866952,1.4504492821697156e-59,0.0
interaction_free_control,rho,0.3,0.0,0.3,0.01,0.05,6,0.2,-0.8,10000,0.004271017976960086,1.1802480298942775e-198,0.0
interaction_free_control,rho,0.3,0.0,0.3,0.01,0.05,7,-0.2,-0.8,1000,0.042710179769600856,7.968343569882441e-20,0.0
interaction_free_control,rho,0.3,0.0,0.3,0.01,0.05,7,-0.2,-0.8,3000,0.014236726589866952,1.4504492821697156e-59,0.0
interaction_free_control,rho,0.3,0.0,0.3,0.01,0.05,7,-0.2,-0.8,10000,0.004271017976960086,1.1802480298942775e-198,0.0
interaction_free_control,rho,0.5,0.0,0.5,0.01,0.05,0,0.5,0.5,1000,0.03481603100253621,3.6230623019499695e-20,0.0
interaction_free_control,rho,0.5,0.0,0.5,0.01,0.05,0,0.5,0.5,3000,0.01160534366751207,6.594931642985143e-60,0.0
interaction_free_control,rho,0.5,0.0,0.5,0.01,0.05,0,0.5,0.5,10000,0.003481603100253621,5.366375215324427e-199,0.0
interaction_free_control,rho,0.5,0.0,0.5,0.01,0.05,1,-0.5,0.5,1000,0.03481603100253621,3.6230623019499695e-20,0.0
interaction_free_control,rho,0.5,0.0,0.5,0.01,0.05,1,-0.5,0.5,3000,0.01160534366751207,6.594931642985143e-60,0.0
interaction_free_control,rho,0.5,0.0,0.5,0.01,0.05,1,-0.5,0.5,10000,0.003481603100253621,5.366375215324427e-199,0.0
interaction_free_control,rho,0.5,0.0,0.5,0.01,0.05,2,0.5,-0.5,1000,0.03481603100253621,3.6230623019499695e-20,0.0
interaction_free_control,rho,0.5,0.0,0.5,0.01,0.05,2,0.5,-0.5,3000,0.01160534366751207,6.594931642985143e-60,0.0
interaction_free_control,rho,0.5,0.0,0.5,0.01,0.05,2,0.5,-0.5,10000,0.003481603100253621,5.366375215324427e-199,0.0
interaction_free_control,rho,0.5,0.0,0.5,0.01,0.05,3,-0.5,-0.5,1000,0.03481603100253621,3.6230623019499695e-20,0.0
interaction_free_control,rho,0.5,0.0,0.5,0.01,0.05,3,-0.5,-0.5,3000,0.01160534366751207,6.594931642985143e-60,0.0
interaction_free_control,rho,0.5,0.0,0.5,0.01,0.05,3,-0.5,-0.5,10000,0.003481603100253621,5.366375215324427e-199,0.0
interaction_free_control,rho,0.5,0.0,0.5,0.01,0.05,4,0.8,0.2,1000,0.043008069865357074,8.243062978854811e-20,0.0
interaction_free_control,rho,0.5,0.0,0.5,0.01,0.05,4,0.8,0.2,3000,0.014336023288452357,1.5004554805781457e-59,0.0
interaction_free_control,rho,0.5,0.0,0.5,0.01,0.05,4,0.8,0.2,10000,0.004300806986535707,1.2209386751168185e-198,0.0
interaction_free_control,rho,0.5,0.0,0.5,0.01,0.05,5,-0.8,0.2,1000,0.043008069865357074,8.243062978854811e-20,0.0
interaction_free_control,rho,0.5,0.0,0.5,0.01,0.05,5,-0.8,0.2,3000,0.014336023288452357,1.5004554805781457e-59,0.0
interaction_free_control,rho,0.5,0.0,0.5,0.01,0.05,5,-0.8,0.2,10000,0.004300806986535707,1.2209386751168185e-198,0.0
interaction_free_control,rho,0.5,0.0,0.5,0.01,0.05,6,0.2,-0.8,1000,0.043008069865357074,8.243062978854811e-20,0.0
interaction_free_control,rho,0.5,0.0,0.5,0.01,0.05,6,0.2,-0.8,3000,0.014336023288452357,1.5004554805781457e-59,0.0
interaction_free_control,rho,0.5,0.0,0.5,0.01,0.05,6,0.2,-0.8,10000,0.004300806986535707,1.2209386751168185e-198,0.0
interaction_free_control,rho,0.5,0.0,0.5,0.01,0.05,7,-0.2,-0.8,1000,0.043008069865357074,8.243062978854811e-20,0.0
interaction_free_control,rho,0.5,0.0,0.5,0.01,0.05,7,-0.2,-0.8,3000,0.014336023288452357,1.5004554805781457e-59,0.0
interaction_free_control,rho,0.5,0.0,0.5,0.01,0.05,7,-0.2,-0.8,10000,0.004300806986535707,1.2209386751168185e-198,0.0
interaction_free_control,rho,0.7,0.0,0.7,0.01,0.05,0,0.5,0.5,1000,0.035377451813872494,3.8275154146937105e-20,0.0
interaction_free_control,rho,0.7,0.0,0.7,0.01,0.05,0,0.5,0.5,3000,0.0117924839379575,6.967090383400651e-60,0.0
interaction_free_control,rho,0.7,0.0,0.7,0.01,0.05,0,0.5,0.5,10000,0.0035377451813872495,5.669205259492743e-199,0.0
interaction_free_control,rho,0.7,0.0,0.7,0.01,0.05,1,-0.5,0.5,1000,0.035377451813872494,3.8275154146937105e-20,0.0
interaction_free_control,rho,0.7,0.0,0.7,0.01,0.05,1,-0.5,0.5,3000,0.0117924839379575,6.967090383400651e-60,0.0
interaction_free_control,rho,0.7,0.0,0.7,0.01,0.05,1,-0.5,0.5,10000,0.0035377451813872495,5.669205259492743e-199,0.0
interaction_free_control,rho,0.7,0.0,0.7,0.01,0.05,2,0.5,-0.5,1000,0.035377451813872494,3.8275154146937105e-20,0.0
interaction_free_control,rho,0.7,0.0,0.7,0.01,0.05,2,0.5,-0.5,3000,0.0117924839379575,6.967090383400651e-60,0.0
interaction_free_control,rho,0.7,0.0,0.7,0.01,0.05,2,0.5,-0.5,10000,0.0035377451813872495,5.669205259492743e-199,0.0
interaction_free_control,rho,0.7,0.0,0.7,0.01,0.05,3,-0.5,-0.5,1000,0.035377451813872494,3.8275154146937105e-20,0.0
interaction_free_control,rho,0.7,0.0,0.7,0.01,0.05,3,-0.5,-0.5,3000,0.0117924839379575,6.967090383400651e-60,0.0
interaction_free_control,rho,0.7,0.0,0.7,0.01,0.05,3,-0.5,-0.5,10000,0.0035377451813872495,5.669205259492743e-199,0.0
interaction_free_control,rho,0.7,0.0,0.7,0.01,0.05,4,0.8,0.2,1000,0.043665973719939015,8.923415828766438e-20,0.0
interaction_free_control,rho,0.7,0.0,0.7,0.01,0.05,4,0.8,0.2,3000,0.014555324573313006,1.624297693720942e-59,0.0
interaction_free_control,rho,0.7,0.0,0.7,0.01,0.05,4,0.8,0.2,10000,0.004366597371993902,1.3217105737804437e-198,0.0
interaction_free_control,rho,0.7,0.0,0.7,0.01,0.05,5,-0.8,0.2,1000,0.043665973719939015,8.923415828766438e-20,0.0
interaction_free_control,rho,0.7,0.0,0.7,0.01,0.05,5,-0.8,0.2,3000,0.014555324573313006,1.624297693720942e-59,0.0
interaction_free_control,rho,0.7,0.0,0.7,0.01,0.05,5,-0.8,0.2,10000,0.004366597371993902,1.3217105737804437e-198,0.0
interaction_free_control,rho,0.7,0.0,0.7,0.01,0.05,6,0.2,-0.8,1000,0.043665973719939015,8.923415828766438e-20,0.0
interaction_free_control,rho,0.7,0.0,0.7,0.01,0.05,6,0.2,-0.8,3000,0.014555324573313006,1.624297693720942e-59,0.0
interaction_free_control,rho,0.7,0.0,0.7,0.01,0.05,6,0.2,-0.8,10000,0.004366597371993902,1.3217105737804437e-198,0.0
interaction_free_control,rho,0.7,0.0,0.7,0.01,0.05,7,-0.2,-0.8,1000,0.043665973719939015,8.923415828766438e-20,0.0
interaction_free_control,rho,0.7,0.0,0.7,0.01,0.05,7,-0.2,-0.8,3000,0.014555324573313006,1.624297693720942e-59,0.0
interaction_free_control,rho,0.7,0.0,0.7,0.01,0.05,7,-0.2,-0.8,10000,0.004366597371993902,1.3217105737804437e-198,0.0
interaction_free_control,rho,0.9,0.0,0.9,0.01,0.05,0,0.5,0.5,1000,0.037416188443819956,4.96460695855141e-20,0.0
interaction_free_control,rho,0.9,0.0,0.9,0.01,0.05,0,0.5,0.5,3000,0.012472062814606652,9.036897739327668e-60,0.0
interaction_free_control,rho,0.9,0.0,0.9,0.01,0.05,0,0.5,0.5,10000,0.0037416188443819957,7.353432404918508e-199,0.0
interaction_free_control,rho,0.9,0.0,0.9,0.01,0.05,1,-0.5,0.5,1000,0.037416188443819956,4.96460695855141e-20,0.0
interaction_free_control,rho,0.9,0.0,0.9,0.01,0.05,1,-0.5,0.5,3000,0.012472062814606652,9.036897739327668e-60,0.0
interaction_free_control,rho,0.9,0.0,0.9,0.01,0.05,1,-0.5,0.5,10000,0.0037416188443819957,7.353432404918508e-199,0.0
interaction_free_control,rho,0.9,0.0,0.9,0.01,0.05,2,0.5,-0.5,1000,0.037416188443819956,4.96460695855141e-20,0.0
interaction_free_control,rho,0.9,0.0,0.9,0.01,0.05,2,0.5,-0.5,3000,0.012472062814606652,9.036897739327668e-60,0.0
interaction_free_control,rho,0.9,0.0,0.9,0.01,0.05,2,0.5,-0.5,10000,0.0037416188443819957,7.353432404918508e-199,0.0
interaction_free_control,rho,0.9,0.0,0.9,0.01,0.05,3,-0.5,-0.5,1000,0.037416188443819956,4.96460695855141e-20,0.0
interaction_free_control,rho,0.9,0.0,0.9,0.01,0.05,3,-0.5,-0.5,3000,0.012472062814606652,9.036897739327668e-60,0.0
interaction_free_control,rho,0.9,0.0,0.9,0.01,0.05,3,-0.5,-0.5,10000,0.0037416188443819957,7.353432404918508e-199,0.0
interaction_free_control,rho,0.9,0.0,0.9,0.01,0.05,4,0.8,0.2,1000,0.04628694750734812,1.3283740681959907e-19,0.0
interaction_free_control,rho,0.9,0.0,0.9,0.01,0.05,4,0.8,0.2,3000,0.015428982502449373,2.417992141993156e-59,0.0
interaction_free_control,rho,0.9,0.0,0.9,0.01,0.05,4,0.8,0.2,10000,0.004628694750734812,1.9675492945318665e-198,0.0
interaction_free_control,rho,0.9,0.0,0.9,0.01,0.05,5,-0.8,0.2,1000,0.04628694750734812,1.3283740681959907e-19,0.0
interaction_free_control,rho,0.9,0.0,0.9,0.01,0.05,5,-0.8,0.2,3000,0.015428982502449373,2.417992141993156e-59,0.0
interaction_free_control,rho,0.9,0.0,0.9,0.01,0.05,5,-0.8,0.2,10000,0.004628694750734812,1.9675492945318665e-198,0.0
interaction_free_control,rho,0.9,0.0,0.9,0.01,0.05,6,0.2,-0.8,1000,0.04628694750734812,1.3283740681959907e-19,0.0
interaction_free_control,rho,0.9,0.0,0.9,0.01,0.05,6,0.2,-0.8,3000,0.015428982502449373,2.417992141993156e-59,0.0
interaction_free_control,rho,0.9,0.0,0.9,0.01,0.05,6,0.2,-0.8,10000,0.004628694750734812,1.9675492945318665e-198,0.0
interaction_free_control,rho,0.9,0.0,0.9,0.01,0.05,7,-0.2,-0.8,1000,0.04628694750734812,1.3283740681959907e-19,0.0
interaction_free_control,rho,0.9,0.0,0.9,0.01,0.05,7,-0.2,-0.8,3000,0.015428982502449373,2.417992141993156e-59,0.0
interaction_free_control,rho,0.9,0.0,0.9,0.01,0.05,7,-0.2,-0.8,10000,0.004628694750734812,1.9675492945318665e-198,0.0
